key,en-CA,fr-CA,reviewer_notes
"common.docTitle","Important financing notice (concept demonstration)","Avis important concernant votre financement (démonstration conceptuelle)",""
"common.close","Close","Fermer",""
"common.cancel","Cancel","Annuler",""
"common.back","Back","Retour",""
"common.backTo","Back to {place}","Retour à {place}",""
"common.breadcrumb","Return path","Chemin de retour",""
"common.explainWithAI","Explain with AI","Expliquer avec l’IA",""
"common.askAboutThis","Ask about this","Poser une question à ce sujet",""
"common.askAQuestion","Ask a question","Poser une question",""
"common.viewInNotice","View this in your notice","Voir dans votre avis",""
"common.seeTheDetail","See the detail","Voir le détail",""
"common.seeInGlossary","See in glossary","Voir dans le glossaire",""
"common.definition","show definition","afficher la définition",""
"common.closeDefinition","Close definition","Fermer la définition",""
"common.opensExternal","opens an external BDC website in a new tab","ouvre un site Web externe de BDC dans un nouvel onglet",""
"common.illustrativeNote","Illustrative financing schedule, not a BDC offer.","Calendrier de financement illustratif, et non une offre de BDC.",""
"common.amountsInCAD","Amounts in Canadian dollars.","Montants en dollars canadiens.",""
"common.renderError","This section could not be displayed. Please choose another section.","Cette section ne peut pas être affichée. Veuillez choisir une autre section.",""
"common.timeLong","{m} min {s} s","{m} min {s} s",""
"common.original","Original","Initial",""
"common.revised","Revised","Révisé",""
"common.before","Before","Avant",""
"common.after","After","Après",""
"common.difference","Difference","Écart",""
"common.principal","Principal","Capital",""
"common.interest","Interest","Intérêts",""
"common.total","Total payment","Versement total",""
"common.openingBalance","Opening principal","Capital au début",""
"common.closingBalance","Closing principal","Capital à la fin",""
"common.noPayment","No payment (loan already repaid under the original schedule)","Aucun versement (prêt déjà remboursé selon le calendrier initial)",""
"common.download","Download","Télécharger",""
"common.copy","Copy","Copier",""
"common.copied","Copied","Copié",""
"common.copyFailed","Copy not available in this browser","Copie non disponible dans ce navigateur",""
"common.print","Print / Save as PDF","Imprimer / Enregistrer en PDF",""
"common.demoLabel","Demo","Démo",""
"common.languageNames.en-CA","English","anglais",""
"common.languageNames.fr-CA","French","français",""
"common.writtenIn","Written in {language}","Rédigé en {language}",""
"common.badges.changed","Changed","Modifié",""
"common.badges.unchanged","Unchanged","Inchangé",""
"common.badges.temporary","Temporary","Temporaire",""
"common.badges.later","Later date","Date ultérieure",""
"common.badges.demo","Demo","Démo",""
"common.perMonth","per month","par mois",""
"common.months.one","{n} month","{n} mois",""
"common.months.other","{n} months","{n} mois",""
"shell.banner","Concept demonstration • Fictional client and financing terms • Not connected to BDC.","Démonstration conceptuelle • Clientèle et modalités fictives • Aucun lien avec les systèmes de BDC.",""
"shell.descriptor","Important financing notice","Avis important concernant votre financement",""
"shell.descriptorMeta","Notice {notice}","Avis {notice}",""
"shell.demoPill","Demo","Démo",""
"shell.logoPlaceholder","BDC logo placeholder","Espace réservé au logo de BDC",""
"shell.skip","Skip to main content","Passer au contenu principal",""
"shell.sectionsLabel","Notice sections","Sections de l’avis",""
"shell.sectionsButton","Sections: {section}","Sections : {section}",""
"shell.current","(current section)","(section actuelle)",""
"shell.languageChanged","Language changed to English.","La langue est maintenant le français.",""
"shell.launcherSub","Your financing guide","Votre guide du financement",""
"shell.demoInsights","Demo insights","Aperçu de la démo",""
"shell.resetDemo","Reset demo","Réinitialiser la démo",""
"shell.resetTitle","Reset this demonstration?","Réinitialiser cette démonstration?",""
"shell.resetBody","This clears the local demo events, any drafted or created demo requests, survey responses, the Clair conversation and “Mark as reviewed”. The notice itself does not change.","Cette action efface les événements locaux de la démo, les demandes de démonstration rédigées ou créées, les réponses au sondage, la conversation avec Clair et la mention « Marquer comme consulté ». L’avis lui-même ne change pas.",""
"shell.resetConfirm","Reset demo","Réinitialiser la démo",""
"shell.resetDone","The demonstration was reset.","La démonstration a été réinitialisée.",""
"shell.footerData","This single file contains fictional data only. No information you enter leaves this browser, except when you choose to open an external BDC link. The accessibility widget is the one online service this page loads automatically.","Ce fichier unique contient uniquement des données fictives. Aucune information saisie ne quitte ce navigateur, sauf si vous choisissez d’ouvrir un lien externe de BDC. Le module d’accessibilité est le seul service en ligne que cette page charge automatiquement.",""
"shell.aboutTitle","About this demonstration","À propos de cette démonstration",""
"shell.aboutBody[0]","Concept prototype of an interactive financing notice. Camille Roy, Atelier Boréal Inc., the loan and all amounts are fictional. Nothing here is a BDC offer, agreement, policy or system.","Prototype conceptuel d’un avis de financement interactif. Camille Roy, Atelier Boréal Inc., le prêt et tous les montants sont fictifs. Rien ici ne constitue une offre, une entente, une politique ou un système de BDC.",""
"shell.aboutBody[1]","Clair is a proposed demo name. In this file it answers only from this sample notice using local rules; there is no live AI connection.","Clair est un nom proposé pour la démo. Dans ce fichier, Clair répond uniquement à partir de cet avis type, selon des règles locales; il n’y a aucune connexion à une IA en direct.",""
"shell.aboutBody[2]","The narration was generated before distribution with ElevenLabs text-to-speech and is embedded in this file. Playback never contacts ElevenLabs.","La narration a été générée avant la distribution avec la synthèse vocale d’ElevenLabs et est intégrée à ce fichier. La lecture ne communique jamais avec ElevenLabs.",""
"shell.aboutBody[3]","Demo requests, survey answers and “Mark as reviewed” stay in this browser tab and are cleared when you reset or close it.","Les demandes de démonstration, les réponses au sondage et la mention « Marquer comme consulté » restent dans cet onglet et sont effacées lorsque vous réinitialisez la démo ou fermez l’onglet.",""
"shell.buildInfo","Build {version} · {date} · Notice {notice} · Record version {record}","Version {version} · {date} · Avis {notice} · Version du dossier {record}",""
"nav.overview","Overview","Aperçu",""
"nav.changes","What changed","Ce qui change",""
"nav.payments","Payments & impact","Versements et incidence",""
"nav.documents","Your notice","Votre avis",""
"nav.support","Support for you","Du soutien pour vous",""
"nav.help","Help & questions","Aide et questions",""
"nav.insights","Demo insights","Aperçu de la démo",""
"items.general","This notice (general question)","Cet avis (question générale)",""
"items.month","{month} payment","Versement de {month}",""
"items.clause","Notice clause: {title}","Clause de l’avis : {title}",""
"items.term","Glossary term: {term}","Terme du glossaire : {term}",""
"items.chapter","Video chapter: {title}","Chapitre vidéo : {title}",""
"items.faq","Frequently asked question","Question fréquente",""
"items.card.principal","Principal payments","Remboursements de capital",""
"items.card.interest","Interest","Intérêts",""
"items.card.next-payment","Next payment","Prochain versement",""
"items.card.maturity","Final payment date (maturity)","Date du dernier versement (échéance)",""
"items.card.fees","Change fee","Frais de modification",""
"items.card.rate","Interest rate (unchanged)","Taux d’intérêt (inchangé)",""
"items.card.debt","Principal still owing","Capital toujours dû",""
"items.summary.next-payment","Next payment: 30 November 2026","Prochain versement : 30 novembre 2026",""
"items.summary.resume","Principal payments resume","Reprise des remboursements de capital",""
"items.summary.relief","Lower payments, November to January","Versements réduits, de novembre à janvier",""
"items.summary.extra-interest","Additional interest over the remaining schedule","Intérêts additionnels sur la durée restante",""
"items.resource.financial-management","Financial management consulting","Consultation en gestion financière",""
"items.resource.working-capital","Working Capital Loan","Prêt de fonds de roulement",""
"items.resource.learning","BDC cash-flow learning resources","Ressources d’apprentissage de BDC sur la trésorerie",""
"items.chart.payments","Payment comparison chart, November to April","Graphique comparatif des versements, de novembre à avril",""
"items.chart.balance","Principal balance chart","Graphique du capital restant",""
"items.infographic.relief","Cash-flow effect, November to January","Effet sur la trésorerie, de novembre à janvier",""
"items.infographic.cost","Total additional interest","Total des intérêts additionnels",""
"clauses.purpose","1. Purpose of this notice","1. Objet du présent avis",""
"clauses.amendment","2. Amendment summary","2. Résumé de la modification",""
"clauses.postponement","3. Principal postponement period","3. Période de report des remboursements de capital",""
"clauses.interest","4. Interest during the postponement","4. Intérêts pendant le report",""
"clauses.resumption","5. Resumption of principal payments","5. Reprise des remboursements de capital",""
"clauses.maturity","6. Revised maturity date","6. Date d’échéance révisée",""
"clauses.cost","7. Effect on interest and total payments","7. Incidence sur les intérêts et le total des versements",""
"clauses.unchanged","8. Terms that remain unchanged","8. Modalités inchangées",""
"clauses.action","9. What you need to do","9. Ce que vous devez faire",""
"clauses.schedule","10. Revised repayment schedule","10. Calendrier de remboursement révisé",""
"clauses.assumptions","11. Assumptions used in this illustration","11. Hypothèses utilisées dans cette illustration",""
"clauses.contact","12. Questions and support","12. Questions et soutien",""
"chapters.welcome","A personal welcome","Un mot de bienvenue",""
"chapters.relief","Three months of breathing room","Trois mois de répit",""
"chapters.difference","Where the difference comes from","D’où vient l’écart",""
"chapters.tradeoff","The trade-off","La contrepartie",""
"chapters.resume","Returning to principal payments","La reprise des remboursements de capital",""
"chapters.next-step","Your next step","Votre prochaine étape",""
"glossary.title","Glossary","Glossaire",""
"glossary.principal.term","Principal","Capital",""
"glossary.principal.definition","The amount borrowed that remains to be repaid, excluding interest.","Le montant emprunté qui reste à rembourser, sans les intérêts.",""
"glossary.interest.term","Interest","Intérêts",""
"glossary.interest.definition","The cost of borrowing, calculated using the balance and the applicable rate.","Le coût de l’emprunt, calculé à partir du solde et du taux applicable.",""
"glossary.postponement.term","Principal postponement","Report des remboursements de capital",""
"glossary.postponement.definition","Delaying principal payments for a set period. Interest may still be payable during that time.","Le fait de reporter les remboursements de capital pendant une période déterminée. Des intérêts peuvent rester payables pendant cette période.",""
"glossary.instalment.term","Instalment","Versement",""
"glossary.instalment.definition","A scheduled payment under the financing arrangement.","Un paiement prévu au calendrier dans le cadre de l’entente de financement.",""
"glossary.maturity.term","Maturity date","Date d’échéance",""
"glossary.maturity.definition","The date the remaining loan balance is scheduled to be fully repaid.","La date à laquelle le solde restant du prêt doit être entièrement remboursé.",""
"glossary.outstanding.term","Outstanding principal","Capital restant à rembourser",""
"glossary.outstanding.definition","Principal still owing at the relevant date.","Le capital toujours dû à une date donnée.",""
"glossary.fixedRate.term","Fixed rate","Taux fixe",""
"glossary.fixedRate.definition","A rate that does not change during the specified fixed-rate period.","Un taux qui ne change pas pendant la période à taux fixe indiquée.",""
"glossary.cashFlow.term","Cash flow","Trésorerie",""
"glossary.cashFlow.definition","Money coming into and going out of the business.","L’argent qui entre dans l’entreprise et qui en sort.",""
"glossary.amortisation.term","Amortisation","Amortissement",""
"glossary.amortisation.definition","Repayment of principal over a schedule.","Le remboursement du capital selon un calendrier.",""
"glossary.capitalisedInterest.term","Capitalised interest","Intérêts capitalisés",""
"glossary.capitalisedInterest.definition","Interest added to the amount owing. This does not occur in this demonstration.","Des intérêts ajoutés au montant dû. Cela ne se produit pas dans cette démonstration.",""
"overview.greeting","Hello, {name}. Let’s walk through your financing update.","Bonjour {name}. Faisons le point sur la modification de votre financement.",""
"overview.overline","Notice of amendment · effective {date}","Avis de modification · en vigueur le {date}",""
"overview.title","Your principal payments are postponed for three months.","Vos remboursements de capital sont reportés de trois mois.",""
"overview.intro","In this fictional example, the temporary [[postponement|principal postponement]] requested for {company} has been approved and the amendment is complete. Here is what it means for your payments, and what stays the same.","Dans cet exemple fictif, le [[postponement|report temporaire des remboursements de capital]] demandé pour {company} a été approuvé, et la modification est finalisée. Voici ce que cela change pour vos versements, et ce qui demeure inchangé.",""
"overview.cta.changes","See what changes","Voir ce qui change",""
"overview.cta.watch","Watch your personalised explanation","Voir votre explication personnalisée",""
"overview.cta.ask","Ask a question","Poser une question",""
"overview.illustration.caption","Illustration of a manufacturing workshop. Not a photograph of the recipient or BDC staff.","Illustration d’un atelier de fabrication. Il ne s’agit pas d’une photo de la personne destinataire ni du personnel de BDC.",""
"overview.summary.title","Your update at a glance","Votre modification en un coup d’œil",""
"overview.summary.intro","Each card leads to the month-by-month detail behind the figure.","Chaque carte mène au détail mois par mois derrière le montant.",""
"overview.summary.seeDetail","See the detail","Voir le détail",""
"overview.summary.seeDetailAria","See the detail: {item}","Voir le détail : {item}",""
"overview.cards.next-payment.label","Next payment","Prochain versement",""
"overview.cards.next-payment.sub","Due {date}","Payable le {date}",""
"overview.cards.next-payment.note","Interest only. No principal is due this month.","Intérêts seulement. Aucun remboursement de capital ce mois-ci.",""
"overview.cards.resume.label","Principal payments resume","Reprise des remboursements de capital",""
"overview.cards.resume.note","First payment after the postponement: {total} ({principal} principal + {interest} interest).","Premier versement après le report : {total} ({principal} de capital + {interest} d’intérêts).",""
"overview.cards.relief.label","Cash-flow effect","Effet sur la trésorerie",""
"overview.cards.relief.figure","{amount} less","{amount} de moins",""
"overview.cards.relief.sub","paid from {from} to {to}","versés de {from} à {to}",""
"overview.cards.relief.original","Original payments","Versements initiaux",""
"overview.cards.relief.revised","Revised payments","Versements révisés",""
"overview.cards.extra-interest.label","Additional interest","Intérêts additionnels",""
"overview.cards.extra-interest.sub","across the remaining schedule","sur la durée restante du calendrier",""
"overview.cards.extra-interest.original","Original total interest","Total des intérêts initial",""
"overview.cards.extra-interest.revised","Revised total interest","Total des intérêts révisé",""
"overview.beside.title","Keep in mind","À retenir",""
"overview.beside.maturityTitle","Final payment date ([[maturity|maturity]])","Date du dernier versement ([[maturity|échéance]])",""
"overview.beside.maturityText","Your final payment moves from {from} to {to}.","Votre dernier versement passe du {from} au {to}.",""
"overview.beside.owingTitle","[[principal|Principal]] still owing","[[principal|Capital]] toujours dû",""
"overview.beside.owingText","The {amount} of postponed principal remains owing. This is temporary cash-flow relief, not a reduction in what you owe.","Les {amount} de capital reportés restent dus. Il s’agit d’un allègement temporaire de trésorerie, et non d’une réduction de ce que vous devez.",""
"overview.todo.title","What you need to do","Ce que vous devez faire",""
"overview.todo.step1Title","Review the updated repayment schedule","Consultez le calendrier de remboursement révisé",""
"overview.todo.step1Text","Check the revised dates and amounts, starting with the payment due {date}.","Vérifiez les dates et les montants révisés, à commencer par le versement payable le {date}.",""
"overview.todo.step1Link","Open the revised schedule","Ouvrir le calendrier révisé",""
"overview.todo.step2Title","Update your internal [[cashFlow|cash-flow]] planning","Mettez à jour la planification interne de votre [[cashFlow|trésorerie]]",""
"overview.todo.step2Text","Plan for interest-only payments of {interest} from {from} to {to}, then a payment of {resumed} on {resumeDate}, when principal payments resume.","Prévoyez des versements d’intérêts seulement de {interest} de {from} à {to}, puis un versement de {resumed} le {resumeDate}, à la reprise des remboursements de capital.",""
"overview.todo.noAcceptance","No acceptance is required through this notice. The amendment is already approved and complete.","Aucune acceptation n’est requise dans cet avis. La modification est déjà approuvée et finalisée.",""
"overview.todo.markReviewed","Mark as reviewed","Marquer comme consulté",""
"overview.todo.markHint","Optional. Keeps a note in this browser tab only.","Facultatif. Conserve une note dans cet onglet seulement.",""
"overview.todo.reviewedStatus","Marked as reviewed in this demo. This is a local note only — not acceptance, consent or proof of understanding.","Marqué comme consulté dans cette démo. Il s’agit uniquement d’une note locale, et non d’une acceptation, d’un consentement ni d’une preuve de compréhension.",""
"overview.same.title","What stays the same","Ce qui ne change pas",""
"overview.same.intro","The postponement changes when principal is repaid. These terms do not change.","Le report modifie le moment où le capital est remboursé. Ces modalités ne changent pas.",""
"overview.same.rateLabel","[[interest|Interest]] rate","Taux d’[[interest|intérêt]]",""
"overview.same.rateValue","{rate}, [[fixedRate|fixed]]","{rate}, [[fixedRate|taux fixe]]",""
"overview.same.instalmentLabel","Monthly [[principal|principal]] instalment","Versement mensuel de [[principal|capital]]",""
"overview.same.instalmentValue","{amount} per month once payments resume","{amount} par mois dès la reprise des remboursements",""
"overview.same.feeLabel","Change fee","Frais de modification",""
"overview.same.feeValue","{fee}, no fee for this change","{fee}, aucuns frais pour cette modification",""
"overview.same.loanLabel","Loan identifier","Numéro du prêt",""
"overview.media.title","Your personalised explanation","Votre explication personnalisée",""
"overview.media.meta","About one minute · Captions and transcript included · Nothing plays until you press Play","Environ une minute · Sous-titres et transcription inclus · Rien ne joue avant que vous appuyiez sur Lecture",""
"overview.media.text","A short animated walkthrough of this notice, narrated for you in English or French.","Une courte présentation animée de cet avis, narrée pour vous en français ou en anglais.",""
"overview.media.unavailableTitle","Explanation player unavailable","Lecteur d’explication non disponible",""
"overview.media.unavailableText","The explanation player is not included in this build. The same information is on this page and in “What changed”.","Le lecteur d’explication n’est pas inclus dans cette version. La même information se trouve sur cette page et dans la section « Ce qui change ».",""
